{
  "intercept": 1.9990765503362495,
  "distance_m": -0.3212394520358305,
  "distance_m_sq": 0.009229870215485119,
  "angle_sin": 3.351755102221895,
  "angle_deg_sq_sin": -2.0954630953288342,
  "is_header": -4.221233934226292,
  "is_pressed": -2.741994510726321,
  "is_free_kick": 3.201169572804618,
  "gk_distance_m": -0.5309061757442448,
  "gk_distance_m_sq": 0.015420545866666866,
  "_model_name": "trained",
  "_n_shots": 56,
  "_goal_rate": 0.125
}